{"_id":{"$oid":"639c720e968b18e15ea4e42b"},"comment":"Really great!","rating":8,"user":"auth0|6393a536257c215ec823daf4","imdb_id":"tt0000002","timestamp":1671197198}
{"_id":{"$oid":"639c730a698a441f6b2448c7"},"comment":"Not great actually...","rating":"8","user":"auth0|6393a5613906880086e7d73e","imdb_id":"tt0000001","timestamp":1671197450}
{"_id":{"$oid":"639c741983137850aefda97e"},"comment":"Wow best movie or short film or something!","rating":10,"user":"auth0|6393a536257c215ec823daf4","imdb_id":"tt0000001","timestamp":1671197721}
{"_id":{"$oid":"639c7f6c83137850aefda98c"},"comment":"really!","rating":"7","user":"auth0|636ab48f34392459f03c4f93","imdb_id":"tt0000002","timestamp":1671200620}
{"_id":{"$oid":"639c82be83137850aefda990"},"comment":"Hello!","rating":"4","user":"auth0|636ab48f34392459f03c4f93","imdb_id":"tt0000001","timestamp":1671201470}
