{"_id":{"$oid":"639c756a83137850aefda980"},"title":"Watch now!!!","watchlist":["tt0000007","tt0000001","tt0000008","tt0000012","tt0000011"],"sub":"auth0|636ab48f34392459f03c4f93"}
{"_id":{"$oid":"639c7d7983137850aefda98a"},"title":"My stuff","watchlist":["tt0000004"],"sub":"auth0|636ab48f34392459f03c4f93"}
{"_id":{"$oid":"639c7f9083137850aefda98d"},"title":"My new watchlist","watchlist":["tt0000001"],"sub":"auth0|636ab48f34392459f03c4f93"}
{"_id":{"$oid":"639c81a683137850aefda98f"},"title":"My newest watchlist","watchlist":["tt0000001"],"sub":"auth0|636ab48f34392459f03c4f93"}
{"_id":{"$oid":"639c82ef83137850aefda991"},"title":"The newerest watchlist","watchlist":["tt0000001"],"sub":"auth0|636ab48f34392459f03c4f93"}
